variation_id,name,gene_symbol,clinical_significance,review_status,condition,variant_type,cdna_change,protein_change,rs_id,last_updated
1333461,NM_172351.3(CD46):c.350_351dup (p.Glu118fs),CD46,Pathogenic,"criteria provided, multiple submitters, no conflicts",,,c.350_351dup,,rs2102541856,
2078079,NM_172351.3(CD46):c.886del (p.Ala296fs),CD46,Pathogenic,"criteria provided, single submitter",,,c.886del,,rs779609255,
2075354,NM_172351.3(CD46):c.408del (p.Glu137fs),CD46,Pathogenic,"criteria provided, single submitter",,,c.408del,,rs2526436644,
3248093,NC_000001.10:g.(?_190829412)_(216061974_?)del,KCNK2,Pathogenic,"criteria provided, single submitter",,,NC_000001.10:g.(?_190829412)_(216061974_?)del,,,
3236244,NM_172351.3(CD46):c.126_127del (p.Glu42fs),CD46,Pathogenic,"criteria provided, single submitter",,,c.126_127del,,rs2526399084,
3236246,NM_172351.3(CD46):c.735del (p.Lys245fs),CD46,Pathogenic,"criteria provided, single submitter",,,c.735del,,rs1343140692,
3895475,NM_172351.3(CD46):c.1082+2T>A,CD46,Pathogenic,"criteria provided, single submitter",,,NM_172351.3(CD46):c.1082+2T>A,,,
3621483,NM_172351.3(CD46):c.456dup (p.Lys153Ter),CD46,Pathogenic,"criteria provided, single submitter",,,c.456dup,,,
4291212,NM_172351.3(CD46):c.982+2T>C,CD46,Pathogenic,"criteria provided, single submitter",,,NM_172351.3(CD46):c.982+2T>C,,,
4291210,NM_172351.3(CD46):c.857-2A>G,CD46,Pathogenic,"criteria provided, single submitter",,,NM_172351.3(CD46):c.857-2A>G,,,
4291174,NM_172351.3(CD46):c.747_751del (p.Lys249fs),CD46,Pathogenic,"criteria provided, single submitter",,,c.747_751del,,,
4291191,NM_172351.3(CD46):c.770del (p.Asp257fs),CD46,Pathogenic,"criteria provided, single submitter",,,c.770del,,,
1809264,GRCh37/hg19 1q25.3-32.3(chr1:181453460-213107248)x3,C1orf21,Pathogenic,"criteria provided, single submitter",,,GRCh37/hg19 1q25.3-32.3(chr1:181453460-213107248)x3,,,
1371221,NM_172351.3(CD46):c.393_411del (p.Gly130_Tyr131insTer),CD46,Pathogenic,"criteria provided, single submitter",,,c.393_411del,,rs2102552416,
1385626,NM_172351.3(CD46):c.857-148dup,CD46,Pathogenic,"criteria provided, single submitter",,,NM_172351.3(CD46):c.857-148dup,,rs2102598897,
3722028,NM_172351.3(CD46):c.272_276dup (p.Ala93fs),CD46,Pathogenic,"criteria provided, single submitter",,,c.272_276dup,,,
1708464,GRCh37/hg19 1q31.3-44(chr1:197867914-249224684)x3,PRSS38,Pathogenic,no assertion criteria provided,,,GRCh37/hg19 1q31.3-44(chr1:197867914-249224684)x3,,,
4291200,NM_172351.3(CD46):c.350dup (p.Tyr117Ter),CD46,Pathogenic,"criteria provided, multiple submitters, no conflicts",,,c.350dup,,,
4291209,NM_172351.3(CD46):c.476-2A>G,CD46,Pathogenic,"criteria provided, single submitter",,,NM_172351.3(CD46):c.476-2A>G,,,
4291203,NM_172351.3(CD46):c.768C>A (p.Cys256Ter),CD46,Pathogenic,"criteria provided, single submitter",,,c.768C>A,,,
2577446,NM_172351.3(CD46):c.907del (p.Arg303fs),CD46,Pathogenic,no assertion criteria provided,,,c.907del,,rs2526572615,
2708593,NM_172351.3(CD46):c.948T>A (p.Tyr316Ter),CD46,Pathogenic,"criteria provided, single submitter",,,c.948T>A,,rs749489444,
4682508,GRCh37/hg19 1q21.1-44(chr1:143932350-249224684)x3,VPS45,Pathogenic,"criteria provided, single submitter",,,GRCh37/hg19 1q21.1-44(chr1:143932350-249224684)x3,,,
4291258,NM_172351.3(CD46):c.202_203dup (p.Phe69fs),CD46,Pathogenic,"criteria provided, single submitter",,,c.202_203dup,,,
4291283,NM_172351.3(CD46):c.493C>T (p.Pro165Ser),CD46,Likely pathogenic,"criteria provided, single submitter",,,c.493C>T,,,
3895487,NM_172351.3(CD46):c.1019-2A>G,CD46,Likely pathogenic,"criteria provided, single submitter",,,NM_172351.3(CD46):c.1019-2A>G,,,
3370412,NM_172351.3(CD46):c.351C>G (p.Tyr117Ter),CD46,Likely pathogenic,no assertion criteria provided,,,c.351C>G,,,
3578197,NM_172351.3(CD46):c.518A>G (p.His173Arg),CD46,Likely pathogenic,"criteria provided, single submitter",,,c.518A>G,,,
3068272,NM_172351.3(CD46):c.559G>C (p.Val187Leu),CD46,Likely pathogenic,"criteria provided, single submitter",,,c.559G>C,,rs771423488,
1939914,NM_172351.3(CD46):c.856+2del,CD46,Likely pathogenic,"criteria provided, single submitter",,,NM_172351.3(CD46):c.856+2del,,rs1656958874,
1424447,NM_172351.3(CD46):c.857-174A>C,CD46,Likely pathogenic,"criteria provided, multiple submitters, no conflicts",,,NM_172351.3(CD46):c.857-174A>C,,rs773618613,
2065946,NM_172351.3(CD46):c.673+1G>A,CD46,Likely pathogenic,"criteria provided, single submitter",,,NM_172351.3(CD46):c.673+1G>A,,rs2526461415,
1500521,NM_172351.3(CD46):c.389+1G>A,CD46,Likely pathogenic,"criteria provided, single submitter",,,NM_172351.3(CD46):c.389+1G>A,,rs2102542129,
1712459,NM_172351.3(CD46):c.83del (p.Leu28fs),CD46,Likely pathogenic,"criteria provided, single submitter",,,c.83del,,rs1655006399,
3894572,NM_172351.3(CD46):c.422G>A (p.Cys141Tyr),CD46,Likely pathogenic,"criteria provided, single submitter",,,c.422G>A,,,
4291217,NM_172351.3(CD46):c.2T>A (p.Met1Lys),CD46,Likely pathogenic,"criteria provided, single submitter",,,c.2T>A,,,
2703750,NM_172351.3(CD46):c.901+1G>A,CD46,Likely pathogenic,"criteria provided, single submitter",,,NM_172351.3(CD46):c.901+1G>A,,rs2526542722,
2707695,NM_172351.3(CD46):c.389+1G>T,CD46,Likely pathogenic,"criteria provided, single submitter",,,NM_172351.3(CD46):c.389+1G>T,,rs2102542129,
2584519,NM_172351.3(CD46):c.857-1G>A,CD46,Likely pathogenic,"criteria provided, multiple submitters, no conflicts",,,NM_172351.3(CD46):c.857-1G>A,,rs373127045,
2010523,NM_172351.3(CD46):c.257G>A (p.Trp86Ter),CD46,Pathogenic/Likely pathogenic,"criteria provided, multiple submitters, no conflicts",,,c.257G>A,,rs2526402741,
2514776,NM_172351.3(CD46):c.775G>C (p.Gly259Arg),CD46,Uncertain significance,"criteria provided, multiple submitters, no conflicts",,,c.775G>C,,rs1429497863,
2542840,NM_172351.3(CD46):c.68C>G (p.Ala23Gly),CD46,Uncertain significance,"criteria provided, single submitter",,,c.68C>G,,rs765870721,
2550663,NM_172351.3(CD46):c.58C>T (p.Leu20Phe),CD46,Uncertain significance,"criteria provided, single submitter",,,c.58C>T,,rs2526337508,
2600764,NM_172351.3(CD46):c.10C>T (p.Pro4Ser),CD46,Uncertain significance,"criteria provided, single submitter",,,c.10C>T,,rs1335624534,
2635705,NM_172351.3(CD46):c.179T>C (p.Val60Ala),CD46,Uncertain significance,"criteria provided, multiple submitters, no conflicts",,,c.179T>C,,rs1335748754,
2639878,NM_172351.3(CD46):c.757A>G (p.Met253Val),CD46,Uncertain significance,"criteria provided, single submitter",,,c.757A>G,,rs2526529639,
2682718,NM_172351.3(CD46):c.683G>A (p.Cys228Tyr),CD46,Uncertain significance,"criteria provided, single submitter",,,c.683G>A,,rs2526527824,
2702679,NM_172351.3(CD46):c.653G>C (p.Arg218Pro),CD46,Uncertain significance,"criteria provided, single submitter",,,c.653G>C,,rs770322216,
2708954,NM_172351.3(CD46):c.746A>T (p.Lys249Ile),CD46,Uncertain significance,"criteria provided, single submitter",,,c.746A>T,,rs115094188,
2743934,NM_172351.3(CD46):c.692C>A (p.Pro231Gln),CD46,Uncertain significance,"criteria provided, single submitter",,,c.692C>A,,rs1271761432,
2771465,NM_172351.3(CD46):c.230A>G (p.His77Arg),CD46,Uncertain significance,"criteria provided, single submitter",,,c.230A>G,,rs2526402172,
1368911,NM_172351.3(CD46):c.947A>T (p.Tyr316Phe),CD46,Uncertain significance,"criteria provided, single submitter",,,c.947A>T,,rs1658959631,
4535992,NM_172351.3(CD46):c.70A>T (p.Met24Leu),CD46,Uncertain significance,"criteria provided, single submitter",,,c.70A>T,,,
4540432,NM_172351.3(CD46):c.607A>T (p.Ile203Phe),CD46,Uncertain significance,"criteria provided, single submitter",,,c.607A>T,,,
4542178,NM_172351.3(CD46):c.292A>G (p.Thr98Ala),CD46,Uncertain significance,"criteria provided, single submitter",,,c.292A>G,,,
4542194,NM_172351.3(CD46):c.766T>C (p.Cys256Arg),CD46,Uncertain significance,"criteria provided, single submitter",,,c.766T>C,,,
4650637,NM_172351.3(CD46):c.44G>C (p.Arg15Pro),CD46,Uncertain significance,"criteria provided, single submitter",,,c.44G>C,,,
4650638,NM_172351.3(CD46):c.490C>T (p.Pro164Ser),CD46,Uncertain significance,"criteria provided, single submitter",,,c.490C>T,,,
4650639,NM_172351.3(CD46):c.491C>G (p.Pro164Arg),CD46,Uncertain significance,"criteria provided, single submitter",,,c.491C>G,,,
4650640,NM_172351.3(CD46):c.208T>C (p.Tyr70His),CD46,Uncertain significance,"criteria provided, single submitter",,,c.208T>C,,,
4693120,NM_172351.3(CD46):c.55T>A (p.Leu19Met),CD46,Uncertain significance,"criteria provided, single submitter",,,c.55T>A,,,
4696703,NM_172351.3(CD46):c.296G>A (p.Cys99Tyr),CD46,Uncertain significance,"criteria provided, single submitter",,,c.296G>A,,,
4703282,NM_172351.3(CD46):c.1018G>A (p.Val340Ile),CD46,Uncertain significance,"criteria provided, single submitter",,,c.1018G>A,,,
4704438,NM_172351.3(CD46):c.1040G>A (p.Cys347Tyr),CD46,Uncertain significance,"criteria provided, single submitter",,,c.1040G>A,,,
4782144,NM_172351.3(CD46):c.352G>A (p.Glu118Lys),CD46,Uncertain significance,"criteria provided, single submitter",,,c.352G>A,,,
4777545,NM_172351.3(CD46):c.397T>G (p.Leu133Val),CD46,Uncertain significance,"criteria provided, single submitter",,,c.397T>G,,,
4291259,NM_172351.3(CD46):c.311A>C (p.Asp104Ala),CD46,Uncertain significance,"criteria provided, single submitter",,,c.311A>C,,,
4291260,NM_172351.3(CD46):c.353A>C (p.Glu118Ala),CD46,Uncertain significance,"criteria provided, single submitter",,,c.353A>C,,,
4291261,NM_172351.3(CD46):c.377T>G (p.Ile126Ser),CD46,Uncertain significance,"criteria provided, single submitter",,,c.377T>G,,,
4291262,NM_172351.3(CD46):c.386A>C (p.Glu129Ala),CD46,Uncertain significance,"criteria provided, single submitter",,,c.386A>C,,,
4291263,NM_172351.3(CD46):c.389G>C (p.Gly130Ala),CD46,Uncertain significance,"criteria provided, single submitter",,,c.389G>C,,,
4291264,NM_172351.3(CD46):c.398T>C (p.Leu133Ser),CD46,Uncertain significance,"criteria provided, single submitter",,,c.398T>C,,,
4291265,NM_172351.3(CD46):c.404G>C (p.Gly135Ala),CD46,Uncertain significance,"criteria provided, single submitter",,,c.404G>C,,,
4291266,NM_172351.3(CD46):c.404G>A (p.Gly135Asp),CD46,Uncertain significance,"criteria provided, multiple submitters, no conflicts",,,c.404G>A,,,
4291268,NM_172351.3(CD46):c.403G>C (p.Gly135Arg),CD46,Uncertain significance,"criteria provided, single submitter",,,c.403G>C,,,
4291269,NM_172351.3(CD46):c.407A>C (p.Glu136Ala),CD46,Uncertain significance,"criteria provided, single submitter",,,c.407A>C,,,
4291270,NM_172351.3(CD46):c.410A>C (p.Glu137Ala),CD46,Uncertain significance,"criteria provided, single submitter",,,c.410A>C,,,
4291271,NM_172351.3(CD46):c.413T>G (p.Ile138Ser),CD46,Uncertain significance,"criteria provided, single submitter",,,c.413T>G,,,
4291272,NM_172351.3(CD46):c.425A>C (p.Glu142Ala),CD46,Uncertain significance,"criteria provided, single submitter",,,c.425A>C,,,
4291273,NM_172351.3(CD46):c.455G>C (p.Gly152Ala),CD46,Uncertain significance,"criteria provided, single submitter",,,c.455G>C,,,
4291274,NM_172351.3(CD46):c.460C>G (p.Pro154Ala),CD46,Uncertain significance,"criteria provided, single submitter",,,c.460C>G,,,
4291240,NM_172351.3(CD46):c.861_881del (p.Thr288_Ser294del),CD46,Uncertain significance,"criteria provided, single submitter",,,c.861_881del,,,
4291241,NM_172351.3(CD46):c.134A>C (p.Glu45Ala),CD46,Uncertain significance,"criteria provided, single submitter",,,c.134A>C,,,
4291242,NM_172351.3(CD46):c.148C>A (p.Pro50Thr),CD46,Uncertain significance,"criteria provided, single submitter",,,c.148C>A,,,
4291243,NM_172351.3(CD46):c.161A>G (p.Tyr54Cys),CD46,Uncertain significance,"criteria provided, single submitter",,,c.161A>G,,,
4291244,NM_172351.3(CD46):c.164A>C (p.Glu55Ala),CD46,Uncertain significance,"criteria provided, single submitter",,,c.164A>C,,,
4291245,NM_172351.3(CD46):c.163G>A (p.Glu55Lys),CD46,Uncertain significance,"criteria provided, single submitter",,,c.163G>A,,,
4291246,NM_172351.3(CD46):c.173A>C (p.Glu58Ala),CD46,Uncertain significance,"criteria provided, single submitter",,,c.173A>C,,,
4291247,NM_172351.3(CD46):c.182A>C (p.Asp61Ala),CD46,Uncertain significance,"criteria provided, single submitter",,,c.182A>C,,,
4291248,NM_172351.3(CD46):c.217C>G (p.Pro73Ala),CD46,Uncertain significance,"criteria provided, single submitter",,,c.217C>G,,,
4291250,NM_172351.3(CD46):c.242A>C (p.Asp81Ala),CD46,Uncertain significance,"criteria provided, single submitter",,,c.242A>C,,,
4291251,NM_172351.3(CD46):c.272A>C (p.Asp91Ala),CD46,Uncertain significance,"criteria provided, single submitter",,,c.272A>C,,,
4291252,NM_172351.3(CD46):c.275A>C (p.Asp92Ala),CD46,Uncertain significance,"criteria provided, single submitter",,,c.275A>C,,,
4291253,NM_172351.3(CD46):c.281G>A (p.Cys94Tyr),CD46,Uncertain significance,"criteria provided, single submitter",,,c.281G>A,,,
4291254,NM_172351.3(CD46):c.290A>C (p.Glu97Ala),CD46,Uncertain significance,"criteria provided, single submitter",,,c.290A>C,,,
4291256,NM_172351.3(CD46):c.308G>A (p.Arg103Gln),CD46,Uncertain significance,"criteria provided, single submitter",,,c.308G>A,,,
4291257,NM_172351.3(CD46):c.307C>T (p.Arg103Trp),CD46,Uncertain significance,"criteria provided, single submitter",,,c.307C>T,,,
4291222,NM_172351.3(CD46):c.475+5_475+8del,CD46,Uncertain significance,"criteria provided, single submitter",,,NM_172351.3(CD46):c.475+5_475+8del,,,
4291224,NM_172351.3(CD46):c.857-92A>G,CD46,Uncertain significance,"criteria provided, single submitter",,,NM_172351.3(CD46):c.857-92A>G,,,
4291225,NM_172351.3(CD46):c.800_820del (p.Thr267_Asn273del),CD46,Uncertain significance,"criteria provided, multiple submitters, no conflicts",,,c.800_820del,,,
4291226,NM_172351.3(CD46):c.944-68T>C,CD46,Uncertain significance,"criteria provided, single submitter",,,NM_172351.3(CD46):c.944-68T>C,,,
4291227,NM_172351.3(CD46):c.982+5G>T,CD46,Uncertain significance,"criteria provided, single submitter",,,NM_172351.3(CD46):c.982+5G>T,,,
4291228,NM_172351.3(CD46):c.1082+46T>G,CD46,Uncertain significance,"criteria provided, single submitter",,,NM_172351.3(CD46):c.1082+46T>G,,,
4291230,NM_172351.3(CD46):c.14G>A (p.Gly5Asp),CD46,Uncertain significance,"criteria provided, single submitter",,,c.14G>A,,,
4291231,NM_172351.3(CD46):c.23A>C (p.Glu8Ala),CD46,Uncertain significance,"criteria provided, single submitter",,,c.23A>C,,,
4291232,NM_172351.3(CD46):c.28C>T (p.Pro10Ser),CD46,Uncertain significance,"criteria provided, single submitter",,,c.28C>T,,,
4291233,NM_172351.3(CD46):c.64G>A (p.Ala22Thr),CD46,Uncertain significance,"criteria provided, single submitter",,,c.64G>A,,,
4291234,NM_172351.3(CD46):c.83T>A (p.Leu28Gln),CD46,Uncertain significance,"criteria provided, single submitter",,,c.83T>A,,,
4291235,NM_172351.3(CD46):c.86A>C (p.Tyr29Ser),CD46,Uncertain significance,"criteria provided, multiple submitters, no conflicts",,,c.86A>C,,,
4291236,NM_172351.3(CD46):c.100G>A (p.Ala34Thr),CD46,Uncertain significance,"criteria provided, single submitter",,,c.100G>A,,,
4291237,NM_172351.3(CD46):c.107A>C (p.Glu36Ala),CD46,Uncertain significance,"criteria provided, single submitter",,,c.107A>C,,,
4291238,NM_172351.3(CD46):c.110A>C (p.Glu37Ala),CD46,Uncertain significance,"criteria provided, single submitter",,,c.110A>C,,,
4291239,NM_172351.3(CD46):c.125A>C (p.Glu42Ala),CD46,Uncertain significance,"criteria provided, single submitter",,,c.125A>C,,,
4291275,NM_172351.3(CD46):c.463C>G (p.Pro155Ala),CD46,Uncertain significance,"criteria provided, single submitter",,,c.463C>G,,,
1434982,NM_172351.3(CD46):c.89C>G (p.Ser30Cys),CD46,Uncertain significance,"criteria provided, single submitter",,,c.89C>G,,rs780260959,
1444643,NM_172351.3(CD46):c.623T>C (p.Ile208Thr),CD46,Uncertain significance,"criteria provided, single submitter",,,c.623T>C,,rs2102561926,
1447231,NM_172351.3(CD46):c.545A>T (p.Glu182Val),CD46,Uncertain significance,"criteria provided, single submitter",,,c.545A>T,,rs1465294888,
1448785,NM_172351.3(CD46):c.1043T>G (p.Val348Gly),CD46,Uncertain significance,"criteria provided, single submitter",,,c.1043T>G,,rs2102689798,
1449764,NM_172351.3(CD46):c.620C>T (p.Thr207Met),CD46,Uncertain significance,"criteria provided, multiple submitters, no conflicts",,,c.620C>T,,rs546619508,
1463187,NM_172351.3(CD46):c.886G>A (p.Ala296Thr),CD46,Uncertain significance,"criteria provided, single submitter",,,c.886G>A,,rs200872543,
1470094,NM_172351.3(CD46):c.577C>T (p.Pro193Ser),CD46,Uncertain significance,"criteria provided, multiple submitters, no conflicts",,,c.577C>T,,rs371473734,
1474523,NM_172351.3(CD46):c.1073A>G (p.Lys358Arg),CD46,Uncertain significance,"criteria provided, single submitter",,,c.1073A>G,,rs2102690046,
1476869,NM_172351.3(CD46):c.527G>A (p.Ser176Asn),CD46,Uncertain significance,"criteria provided, single submitter",,,c.527G>A,,rs1467611445,
1482147,NM_172351.3(CD46):c.857-137A>C,CD46,Uncertain significance,"criteria provided, single submitter",,,NM_172351.3(CD46):c.857-137A>C,,rs2102598940,
1503301,NM_172351.3(CD46):c.40T>C (p.Trp14Arg),CD46,Uncertain significance,"criteria provided, single submitter",,,c.40T>C,,rs1654993696,
1507211,NM_172351.3(CD46):c.908G>C (p.Arg303Thr),CD46,Uncertain significance,"criteria provided, single submitter",,,c.908G>C,,rs924745289,
1507325,NM_172351.3(CD46):c.554A>G (p.Asp185Gly),CD46,Uncertain significance,"criteria provided, multiple submitters, no conflicts",,,c.554A>G,,rs747504551,
4291276,NM_172351.3(CD46):c.464C>T (p.Pro155Leu),CD46,Uncertain significance,"criteria provided, single submitter",,,c.464C>T,,,
1509149,NM_172351.3(CD46):c.976A>G (p.Ser326Gly),CD46,Uncertain significance,"criteria provided, single submitter",,,c.976A>G,,rs139762250,
1523976,NM_172351.3(CD46):c.758T>C (p.Met253Thr),CD46,Uncertain significance,"criteria provided, single submitter",,,c.758T>C,,rs759430396,
4291196,NM_172351.3(CD46):c.1031C>T (p.Ala344Val),CD46,Uncertain significance,"criteria provided, single submitter",,,c.1031C>T,,,
4291198,NM_172351.3(CD46):c.1130T>G (p.Leu377Arg),CD46,Uncertain significance,"criteria provided, single submitter",,,c.1130T>G,,,
4291218,NM_172351.3(CD46):c.97+5G>A,CD46,Uncertain significance,"criteria provided, single submitter",,,NM_172351.3(CD46):c.97+5G>A,,,
4291219,NM_172351.3(CD46):c.286+18_286+27del,CD46,Uncertain significance,"criteria provided, single submitter",,,NM_172351.3(CD46):c.286+18_286+27del,,,
4291220,NM_172351.3(CD46):c.389+5G>A,CD46,Uncertain significance,"criteria provided, single submitter",,,NM_172351.3(CD46):c.389+5G>A,,,
4291221,NM_172351.3(CD46):c.390-60T>C,CD46,Uncertain significance,"criteria provided, single submitter",,,NM_172351.3(CD46):c.390-60T>C,,,
4291182,NM_172351.3(CD46):c.776G>T (p.Gly259Val),CD46,Uncertain significance,"criteria provided, single submitter",,,c.776G>T,,,
4291183,NM_172351.3(CD46):c.785T>C (p.Leu262Pro),CD46,Uncertain significance,"criteria provided, single submitter",,,c.785T>C,,,
4291184,NM_172351.3(CD46):c.810T>G (p.Cys270Trp),CD46,Uncertain significance,"criteria provided, single submitter",,,c.810T>G,,,
4291185,NM_172351.3(CD46):c.821G>T (p.Ser274Ile),CD46,Uncertain significance,"criteria provided, single submitter",,,c.821G>T,,,
4291186,NM_172351.3(CD46):c.830A>C (p.Asp277Ala),CD46,Uncertain significance,"criteria provided, single submitter",,,c.830A>C,,,
4291187,NM_172351.3(CD46):c.832C>G (p.Pro278Ala),CD46,Uncertain significance,"criteria provided, single submitter",,,c.832C>G,,,
4291188,NM_172351.3(CD46):c.835C>G (p.Pro279Ala),CD46,Uncertain significance,"criteria provided, single submitter",,,c.835C>G,,,
4291189,NM_172351.3(CD46):c.839T>C (p.Val280Ala),CD46,Uncertain significance,"criteria provided, single submitter",,,c.839T>C,,,
4291190,NM_172351.3(CD46):c.841C>T (p.Pro281Ser),CD46,Uncertain significance,"criteria provided, single submitter",,,c.841C>T,,,
4291192,NM_172351.3(CD46):c.845A>G (p.Lys282Arg),CD46,Uncertain significance,"criteria provided, single submitter",,,c.845A>G,,,
4291193,NM_172351.3(CD46):c.857-148C>T,CD46,Uncertain significance,"criteria provided, single submitter",,,NM_172351.3(CD46):c.857-148C>T,,,
4291194,NM_172351.3(CD46):c.866C>T (p.Ser289Phe),CD46,Uncertain significance,"criteria provided, single submitter",,,c.866C>T,,,
4291195,NM_172351.3(CD46):c.874A>C (p.Thr292Pro),CD46,Uncertain significance,"criteria provided, single submitter",,,c.874A>C,,,
1697869,NM_172351.3(CD46):c.185A>G (p.Tyr62Cys),CD46,Uncertain significance,"criteria provided, single submitter",,,c.185A>G,,rs745317856,
1698741,NM_172351.3(CD46):c.191G>T (p.Cys64Phe),CD46,Uncertain significance,"criteria provided, multiple submitters, no conflicts",,,c.191G>T,,rs1655633353,
4291173,NM_172351.3(CD46):c.691C>G (p.Pro231Ala),CD46,Uncertain significance,"criteria provided, single submitter",,,c.691C>G,,,
4291175,NM_172351.3(CD46):c.722G>C (p.Gly241Ala),CD46,Uncertain significance,"criteria provided, single submitter",,,c.722G>C,,,
4291176,NM_172351.3(CD46):c.721G>A (p.Gly241Arg),CD46,Uncertain significance,"criteria provided, single submitter",,,c.721G>A,,,
4291177,NM_172351.3(CD46):c.728G>C (p.Gly243Ala),CD46,Uncertain significance,"criteria provided, single submitter",,,c.728G>C,,,
4291178,NM_172351.3(CD46):c.728G>T (p.Gly243Val),CD46,Uncertain significance,"criteria provided, single submitter",,,c.728G>T,,,
4291179,NM_172351.3(CD46):c.736T>A (p.Phe246Ile),CD46,Uncertain significance,"criteria provided, single submitter",,,c.736T>A,,,
1716916,NM_172351.3(CD46):c.57G>T (p.Leu19Phe),CD46,Uncertain significance,"criteria provided, single submitter",,,c.57G>T,,rs1654999489,
1718389,NM_172351.3(CD46):c.871A>G (p.Thr291Ala),CD46,Uncertain significance,"criteria provided, single submitter",,,c.871A>G,,rs2526541973,
1721104,NM_172351.3(CD46):c.881C>G (p.Ser294Cys),CD46,Uncertain significance,"criteria provided, single submitter",,,c.881C>G,,rs111519405,
1721303,NM_172351.3(CD46):c.970C>T (p.Leu324Phe),CD46,Uncertain significance,"criteria provided, single submitter",,,c.970C>T,,rs755089095,
1721569,NM_172351.3(CD46):c.706G>A (p.Gly236Arg),CD46,Uncertain significance,"criteria provided, single submitter",,,c.706G>A,,rs2526528350,
1722168,NM_172351.3(CD46):c.268T>G (p.Ser90Ala),CD46,Uncertain significance,"criteria provided, single submitter",,,c.268T>G,,rs2526402960,
1912303,NM_172351.3(CD46):c.981G>A (p.Leu327=),CD46,Uncertain significance,"criteria provided, single submitter",,,c.981G>A,,rs2526720732,
4291180,NM_172351.3(CD46):c.743A>G (p.Tyr248Cys),CD46,Uncertain significance,"criteria provided, single submitter",,,c.743A>G,,,
4291155,NM_172351.3(CD46):c.577C>G (p.Pro193Ala),CD46,Uncertain significance,"criteria provided, single submitter",,,c.577C>G,,,
4291156,NM_172351.3(CD46):c.583C>G (p.Pro195Ala),CD46,Uncertain significance,"criteria provided, single submitter",,,c.583C>G,,,
4291157,NM_172351.3(CD46):c.583C>T (p.Pro195Ser),CD46,Uncertain significance,"criteria provided, multiple submitters, no conflicts",,,c.583C>T,,,
4291159,NM_172351.3(CD46):c.587G>C (p.Gly196Ala),CD46,Uncertain significance,"criteria provided, single submitter",,,c.587G>C,,,
4291160,NM_172351.3(CD46):c.589C>G (p.Pro197Ala),CD46,Uncertain significance,"criteria provided, single submitter",,,c.589C>G,,,
4291161,NM_172351.3(CD46):c.593A>C (p.Asp198Ala),CD46,Uncertain significance,"criteria provided, single submitter",,,c.593A>C,,,
4291162,NM_172351.3(CD46):c.595C>G (p.Pro199Ala),CD46,Uncertain significance,"criteria provided, single submitter",,,c.595C>G,,,
4291163,NM_172351.3(CD46):c.608T>C (p.Ile203Thr),CD46,Uncertain significance,"criteria provided, single submitter",,,c.608T>C,,,
4291164,NM_172351.3(CD46):c.629G>T (p.Cys210Phe),CD46,Uncertain significance,"criteria provided, single submitter",,,c.629G>T,,,
4291165,NM_172351.3(CD46):c.638A>T (p.Asn213Ile),CD46,Uncertain significance,"criteria provided, single submitter",,,c.638A>T,,,
4291167,NM_172351.3(CD46):c.648G>C (p.Trp216Cys),CD46,Uncertain significance,"criteria provided, single submitter",,,c.648G>C,,,
4291168,NM_172351.3(CD46):c.646T>G (p.Trp216Gly),CD46,Uncertain significance,"criteria provided, single submitter",,,c.646T>G,,,
4291169,NM_172351.3(CD46):c.649A>G (p.Ser217Gly),CD46,Uncertain significance,"criteria provided, single submitter",,,c.649A>G,,,
4291170,NM_172351.3(CD46):c.650G>C (p.Ser217Thr),CD46,Uncertain significance,"criteria provided, single submitter",,,c.650G>C,,,
4291171,NM_172351.3(CD46):c.661C>G (p.Pro221Ala),CD46,Uncertain significance,"criteria provided, single submitter",,,c.661C>G,,,
4291172,NM_172351.3(CD46):c.667T>C (p.Cys223Arg),CD46,Uncertain significance,"criteria provided, single submitter",,,c.667T>C,,,
4291277,NM_172351.3(CD46):c.470G>A (p.Cys157Tyr),CD46,Uncertain significance,"criteria provided, single submitter",,,c.470G>A,,,
4291278,NM_172351.3(CD46):c.473A>C (p.Glu158Ala),CD46,Uncertain significance,"criteria provided, single submitter",,,c.473A>C,,,
4291279,NM_172351.3(CD46):c.478G>T (p.Val160Phe),CD46,Uncertain significance,"criteria provided, single submitter",,,c.478G>T,,,
4291280,NM_172351.3(CD46):c.487A>G (p.Thr163Ala),CD46,Uncertain significance,"criteria provided, single submitter",,,c.487A>G,,,
4291281,NM_172351.3(CD46):c.488C>T (p.Thr163Ile),CD46,Uncertain significance,"criteria provided, multiple submitters, no conflicts",,,c.488C>T,,,
4291282,NM_172351.3(CD46):c.490C>G (p.Pro164Ala),CD46,Uncertain significance,"criteria provided, single submitter",,,c.490C>G,,,
4291284,NM_172351.3(CD46):c.516A>C (p.Lys172Asn),CD46,Uncertain significance,"criteria provided, single submitter",,,c.516A>C,,,
1374983,NM_172351.3(CD46):c.335C>T (p.Pro112Leu),CD46,Uncertain significance,"criteria provided, single submitter",,,c.335C>T,,rs1420887927,
1375291,NM_172351.3(CD46):c.883C>G (p.Pro295Ala),CD46,Uncertain significance,"criteria provided, single submitter",,,c.883C>G,,rs1447856236,
1378128,NM_172351.3(CD46):c.1105C>T (p.His369Tyr),CD46,Uncertain significance,"criteria provided, single submitter",,,c.1105C>T,,rs2102712015,
1380033,NM_172351.3(CD46):c.71T>C (p.Met24Thr),LOC129932405,Uncertain significance,"criteria provided, multiple submitters, no conflicts",,,c.71T>C,,rs1295405623,
1381088,NM_172351.3(CD46):c.424G>C (p.Glu142Gln),CD46,Uncertain significance,"criteria provided, multiple submitters, no conflicts",,,c.424G>C,,rs371106885,
1390370,NM_172351.3(CD46):c.820A>G (p.Ser274Gly),CD46,Uncertain significance,"criteria provided, single submitter",,,c.820A>G,,rs1656953684,
3704363,NM_172351.3(CD46):c.1031C>G (p.Ala344Gly),CD46,Uncertain significance,"criteria provided, multiple submitters, no conflicts",,,c.1031C>G,,,
3704533,NM_172351.3(CD46):c.637A>C (p.Asn213His),CD46,Uncertain significance,"criteria provided, single submitter",,,c.637A>C,,,
3713894,NM_172351.3(CD46):c.770A>T (p.Asp257Val),CD46,Uncertain significance,"criteria provided, single submitter",,,c.770A>T,,,
3719891,NM_172351.3(CD46):c.646T>A (p.Trp216Arg),CD46,Uncertain significance,"criteria provided, single submitter",,,c.646T>A,,,
3719945,NM_172351.3(CD46):c.625T>C (p.Tyr209His),CD46,Uncertain significance,"criteria provided, single submitter",,,c.625T>C,,,
3720273,NM_172351.3(CD46):c.389G>T (p.Gly130Val),CD46,Uncertain significance,"criteria provided, multiple submitters, no conflicts",,,c.389G>T,,,
3729432,NM_172351.3(CD46):c.244_245delinsGT (p.Arg82Val),CD46,Uncertain significance,"criteria provided, single submitter",,,c.244_245delinsGT,,,
3730038,NM_172351.3(CD46):c.328G>A (p.Ala110Thr),CD46,Uncertain significance,"criteria provided, single submitter",,,c.328G>A,,,
3829579,NM_172351.3(CD46):c.43C>A (p.Arg15Ser),CD46,Uncertain significance,"criteria provided, single submitter",,,c.43C>A,,,
4291152,NM_172351.3(CD46):c.523T>G (p.Phe175Val),CD46,Uncertain significance,"criteria provided, single submitter",,,c.523T>G,,,
4291153,NM_172351.3(CD46):c.572G>C (p.Cys191Ser),CD46,Uncertain significance,"criteria provided, single submitter",,,c.572G>C,,,
4291154,NM_172351.3(CD46):c.575A>C (p.Asp192Ala),CD46,Uncertain significance,"criteria provided, single submitter",,,c.575A>C,,,
1940455,NM_172351.3(CD46):c.183T>A (p.Asp61Glu),CD46,Uncertain significance,"criteria provided, single submitter",,,c.183T>A,,rs2526400470,
1945177,NM_172351.3(CD46):c.769G>A (p.Asp257Asn),CD46,Uncertain significance,"criteria provided, single submitter",,,c.769G>A,,rs1216062607,
1948502,NM_172351.3(CD46):c.1049C>T (p.Pro350Leu),CD46,Uncertain significance,"criteria provided, single submitter",,,c.1049C>T,,rs186054508,
1948911,NM_172351.3(CD46):c.476-3A>T,CD46,Uncertain significance,"criteria provided, single submitter",,,NM_172351.3(CD46):c.476-3A>T,,rs2526456614,
1950969,NM_172351.3(CD46):c.650G>A (p.Ser217Asn),CD46,Uncertain significance,"criteria provided, single submitter",,,c.650G>A,,rs1266540901,
1951302,NM_172351.3(CD46):c.277G>T (p.Ala93Ser),CD46,Uncertain significance,"criteria provided, single submitter",,,c.277G>T,,rs547298394,
1953339,NM_172351.3(CD46):c.52G>A (p.Gly18Arg),CD46,Uncertain significance,"criteria provided, single submitter",,,c.52G>A,,rs760165779,
1953780,NM_172351.3(CD46):c.176G>A (p.Arg59Gln),CD46,Uncertain significance,"criteria provided, single submitter",,,c.176G>A,,rs780693519,
1962729,NM_172351.3(CD46):c.35C>T (p.Pro12Leu),CD46,Uncertain significance,"criteria provided, single submitter",,,c.35C>T,,rs1418106116,
3656160,NM_172351.3(CD46):c.20G>T (p.Arg7Leu),CD46,Uncertain significance,"criteria provided, single submitter",,,c.20G>T,,,
3659302,NM_172351.3(CD46):c.913A>G (p.Thr305Ala),CD46,Uncertain significance,"criteria provided, single submitter",,,c.913A>G,,,
3666656,NM_172351.3(CD46):c.458A>G (p.Lys153Arg),CD46,Uncertain significance,"criteria provided, single submitter",,,c.458A>G,,,
3667392,NM_172351.3(CD46):c.1094C>T (p.Thr365Ile),CD46,Uncertain significance,"criteria provided, single submitter",,,c.1094C>T,,,
3672382,NM_172351.3(CD46):c.369G>A (p.Met123Ile),CD46,Uncertain significance,"criteria provided, single submitter",,,c.369G>A,,,
3696555,NM_172351.3(CD46):c.902-12_902-11del,CD46,Uncertain significance,"criteria provided, single submitter",,,NM_172351.3(CD46):c.902-12_902-11del,,,
3696954,NM_172351.3(CD46):c.107A>G (p.Glu36Gly),CD46,Uncertain significance,"criteria provided, single submitter",,,c.107A>G,,,
2028888,NM_172351.3(CD46):c.1083-1_1084del,CD46,Uncertain significance,"criteria provided, single submitter",,,NM_172351.3(CD46):c.1083-1_1084del,,rs2526800352,
2035577,NM_172351.3(CD46):c.723A>T (p.Gly241=),CD46,Uncertain significance,"criteria provided, single submitter",,,c.723A>T,,rs2526528673,
3264844,NM_172351.3(CD46):c.857-145C>G,CD46,Uncertain significance,"criteria provided, single submitter",,,NM_172351.3(CD46):c.857-145C>G,,,
3355817,NM_172351.3(CD46):c.472G>C (p.Glu158Gln),CD46,Uncertain significance,"criteria provided, multiple submitters, no conflicts",,,c.472G>C,,,
3380575,NM_172351.3(CD46):c.658G>A (p.Ala220Thr),CD46,Uncertain significance,"criteria provided, single submitter",,,c.658G>A,,,
3380581,NM_172351.3(CD46):c.794G>A (p.Ser265Asn),CD46,Uncertain significance,"criteria provided, single submitter",,,c.794G>A,,,
3488102,NM_172351.3(CD46):c.73G>A (p.Val25Met),CD46,Uncertain significance,"criteria provided, single submitter",,,c.73G>A,,,
3488104,NM_172351.3(CD46):c.199G>C (p.Gly67Arg),CD46,Uncertain significance,"criteria provided, single submitter",,,c.199G>C,,,
3618409,NM_172351.3(CD46):c.1083-2A>T,CD46,Uncertain significance,"criteria provided, single submitter",,,NM_172351.3(CD46):c.1083-2A>T,,,
3638430,NM_172351.3(CD46):c.338C>A (p.Ala113Glu),CD46,Uncertain significance,"criteria provided, single submitter",,,c.338C>A,,,
1938274,NM_172351.3(CD46):c.901+19T>G,CD46,Uncertain significance,"criteria provided, single submitter",,,NM_172351.3(CD46):c.901+19T>G,,rs769790979,
3010146,NM_172351.3(CD46):c.70A>C (p.Met24Leu),CD46,Uncertain significance,"criteria provided, single submitter",,,c.70A>C,,rs750342865,
3061864,NM_172351.3(CD46):c.217C>T (p.Pro73Ser),CD46,Uncertain significance,"criteria provided, single submitter",,,c.217C>T,,rs2526401892,
3066170,NM_172351.3(CD46):c.737T>G (p.Phe246Cys),CD46,Uncertain significance,"criteria provided, single submitter",,,c.737T>G,,rs909675840,
3140599,NM_172351.3(CD46):c.220C>T (p.Leu74Phe),CD46,Uncertain significance,"criteria provided, single submitter",,,c.220C>T,,rs2526402036,
3235987,NM_172351.3(CD46):c.1083-3C>G,CD46,Uncertain significance,"criteria provided, single submitter",,,NM_172351.3(CD46):c.1083-3C>G,,rs371907561,
3236022,NM_172351.3(CD46):c.548A>G (p.Tyr183Cys),CD46,Uncertain significance,"criteria provided, single submitter",,,c.548A>G,,rs2526458582,
3247941,NC_000001.10:g.(?_207934574)_(207934811_?)dup,CD46,Uncertain significance,"criteria provided, single submitter",,,NC_000001.10:g.(?_207934574)_(207934811_?)dup,,,
1970652,NM_172351.3(CD46):c.251A>T (p.His84Leu),CD46,Uncertain significance,"criteria provided, single submitter",,,c.251A>T,,rs1047780483,
1976765,NM_172351.3(CD46):c.656C>T (p.Ala219Val),CD46,Uncertain significance,"criteria provided, single submitter",,,c.656C>T,,rs1340675173,
2003565,NM_172351.3(CD46):c.748G>A (p.Ala250Thr),CD46,Uncertain significance,"criteria provided, single submitter",,,c.748G>A,,rs1484306120,
2004128,NM_172351.3(CD46):c.983A>G (p.Asp328Gly),CD46,Uncertain significance,"criteria provided, single submitter",,,c.983A>G,,rs1230304944,
2008401,NM_172351.3(CD46):c.681A>T (p.Lys227Asn),CD46,Uncertain significance,"criteria provided, multiple submitters, no conflicts",,,c.681A>T,,rs2526527789,
2980589,NM_172351.3(CD46):c.784C>A (p.Leu262Ile),CD46,Uncertain significance,"criteria provided, multiple submitters, no conflicts",,,c.784C>A,,rs761897540,
2983050,NM_172351.3(CD46):c.1053C>T (p.Tyr351=),CD46,Uncertain significance,"criteria provided, single submitter",,,c.1053C>T,,rs2526750058,
2995268,NM_172351.3(CD46):c.278C>T (p.Ala93Val),CD46,Uncertain significance,"criteria provided, single submitter",,,c.278C>T,,rs2526403341,
2042646,NM_172351.3(CD46):c.703A>C (p.Asn235His),CD46,Uncertain significance,"criteria provided, multiple submitters, no conflicts",,,c.703A>C,,rs1334882938,
2057788,NM_172351.3(CD46):c.167T>C (p.Ile56Thr),CD46,Uncertain significance,"criteria provided, multiple submitters, no conflicts",,,c.167T>C,,rs746663934,
2080468,NM_172351.3(CD46):c.454G>A (p.Gly152Ser),CD46,Uncertain significance,"criteria provided, single submitter",,,c.454G>A,,rs374175612,
2090466,NM_172351.3(CD46):c.11C>T (p.Pro4Leu),CD46,Uncertain significance,"criteria provided, single submitter",,,c.11C>T,,rs375671974,
2091812,NM_172351.3(CD46):c.59T>C (p.Leu20Pro),CD46,Uncertain significance,"criteria provided, single submitter",,,c.59T>C,,rs1238861656,
2094251,NM_172351.3(CD46):c.132G>A (p.Met44Ile),CD46,Uncertain significance,"criteria provided, single submitter",,,c.132G>A,,rs2526399280,
2101912,NM_172351.3(CD46):c.944-20T>G,CD46,Uncertain significance,"criteria provided, single submitter",,,NM_172351.3(CD46):c.944-20T>G,,rs1358372822,
2113085,NM_172351.3(CD46):c.916T>A (p.Tyr306Asn),CD46,Uncertain significance,"criteria provided, single submitter",,,c.916T>A,,rs2526572849,
2114525,NM_172351.3(CD46):c.615G>C (p.Glu205Asp),CD46,Uncertain significance,"criteria provided, single submitter",,,c.615G>C,,rs1262119392,
2999899,NM_172351.3(CD46):c.1082G>A (p.Gly361Asp),CD46,Uncertain significance,"criteria provided, single submitter",,,c.1082G>A,,rs752851406,
2810555,NM_172351.3(CD46):c.418T>C (p.Tyr140His),CD46,Uncertain significance,"criteria provided, single submitter",,,c.418T>C,,rs1655966919,
2826322,NM_172351.3(CD46):c.950C>G (p.Pro317Arg),CD46,Uncertain significance,"criteria provided, single submitter",,,c.950C>G,,rs2526720181,
2837973,NM_172351.3(CD46):c.97+5G>T,CD46,Uncertain significance,"criteria provided, single submitter",,,NM_172351.3(CD46):c.97+5G>T,,rs1013794072,
2842332,NM_172351.3(CD46):c.218C>T (p.Pro73Leu),CD46,Uncertain significance,"criteria provided, single submitter",,,c.218C>T,,rs2526401936,
2847196,NM_172351.3(CD46):c.210_211delinsCG (p.Ile71Val),CD46,Uncertain significance,"criteria provided, single submitter",,,c.210_211delinsCG,,rs2526401348,
2872495,NM_172351.3(CD46):c.370C>T (p.His124Tyr),CD46,Uncertain significance,"criteria provided, single submitter",,,c.370C>T,,rs376091114,
2872504,NM_172351.3(CD46):c.982+14T>G,CD46,Uncertain significance,"criteria provided, single submitter",,,NM_172351.3(CD46):c.982+14T>G,,rs2526721034,
2876121,NM_172351.3(CD46):c.466A>G (p.Ile156Val),CD46,Uncertain significance,"criteria provided, single submitter",,,c.466A>G,,rs773571315,
2878384,NM_172351.3(CD46):c.367A>T (p.Met123Leu),CD46,Uncertain significance,"criteria provided, single submitter",,,c.367A>T,,rs2526411230,
2885458,NM_172351.3(CD46):c.224C>T (p.Ala75Val),CD46,Uncertain significance,"criteria provided, multiple submitters, no conflicts",,,c.224C>T,,rs768538372,
2889054,NM_172351.3(CD46):c.802A>G (p.Ile268Val),CD46,Uncertain significance,"criteria provided, single submitter",,,c.802A>G,,rs779117047,
2902668,NM_172351.3(CD46):c.707G>C (p.Gly236Ala),CD46,Uncertain significance,"criteria provided, single submitter",,,c.707G>C,,rs749597074,
2973972,NM_172351.3(CD46):c.1019-3T>C,CD46,Uncertain significance,"criteria provided, single submitter",,,NM_172351.3(CD46):c.1019-3T>C,,rs531648232,
2974890,NM_172351.3(CD46):c.994A>G (p.Ile332Val),CD46,Uncertain significance,"criteria provided, multiple submitters, no conflicts",,,c.994A>G,,rs374589915,
2974899,NM_172351.3(CD46):c.589C>A (p.Pro197Thr),CD46,Uncertain significance,"criteria provided, multiple submitters, no conflicts",,,c.589C>A,,rs761668455,
2978288,NM_172351.3(CD46):c.509A>G (p.Asn170Ser),CD46,Uncertain significance,"criteria provided, single submitter",,,c.509A>G,,rs1427846428,
2785845,NM_172351.3(CD46):c.96C>T (p.Ser32=),LOC129932405,Uncertain significance,"criteria provided, single submitter",,,c.96C>T,,rs1436490870,
2786722,NM_172351.3(CD46):c.166A>G (p.Ile56Val),CD46,Uncertain significance,"criteria provided, single submitter",,,c.166A>G,,rs2526399928,
2798920,NM_172351.3(CD46):c.89_91del (p.Ser30del),CD46,Uncertain significance,"criteria provided, single submitter",,,c.89_91del,,rs1558038658,
2799169,NM_172351.3(CD46):c.251A>G (p.His84Arg),CD46,Uncertain significance,"criteria provided, multiple submitters, no conflicts",,,c.251A>G,,rs1047780483,
2115545,NM_172351.3(CD46):c.1097A>G (p.Asp366Gly),CD46,Uncertain significance,"criteria provided, single submitter",,,c.1097A>G,,rs2526800547,
2129654,NM_172351.3(CD46):c.97G>T (p.Asp33Tyr),CD46,Uncertain significance,"criteria provided, single submitter",,,c.97G>T,,rs2102512645,
2130701,NM_172351.3(CD46):c.128C>T (p.Ala43Val),CD46,Uncertain significance,"criteria provided, single submitter",,,c.128C>T,,rs1304631027,
2167008,NM_172351.3(CD46):c.109G>A (p.Glu37Lys),CD46,Uncertain significance,"criteria provided, single submitter",,,c.109G>A,,rs1417333803,
2186282,NM_172351.3(CD46):c.799A>G (p.Thr267Ala),CD46,Uncertain significance,"criteria provided, multiple submitters, no conflicts",,,c.799A>G,,rs755419614,
2202925,NM_172351.3(CD46):c.244C>T (p.Arg82Trp),CD46,Uncertain significance,"criteria provided, multiple submitters, no conflicts",,,c.244C>T,,rs200133631,
2202926,NM_172351.3(CD46):c.553G>A (p.Asp185Asn),CD46,Uncertain significance,"criteria provided, multiple submitters, no conflicts",,,c.553G>A,,rs368070719,
2244751,NM_172351.3(CD46):c.251A>C (p.His84Pro),CD46,Uncertain significance,"criteria provided, single submitter",,,c.251A>C,,rs1047780483,
2422293,NC_000001.10:g.(?_200522516)_(208391267_?)dup,ADIPOR1,Uncertain significance,"criteria provided, single submitter",,,NC_000001.10:g.(?_200522516)_(208391267_?)dup,,,
2485831,NM_172351.3(CD46):c.653G>T (p.Arg218Leu),CD46,Uncertain significance,"criteria provided, single submitter",,,c.653G>T,,rs770322216,
2495944,NM_172351.3(CD46):c.833C>T (p.Pro278Leu),CD46,Uncertain significance,"criteria provided, single submitter",,,c.833C>T,,rs2526531402,
2810072,NM_172351.3(CD46):c.1016T>A (p.Ile339Lys),CD46,Uncertain significance,"criteria provided, single submitter",,,c.1016T>A,,rs2526743048,
1393164,NM_172351.3(CD46):c.759G>A (p.Met253Ile),CD46,Uncertain significance,"criteria provided, multiple submitters, no conflicts",,,c.759G>A,,rs764916823,
1395997,NM_172351.3(CD46):c.304A>G (p.Ile102Val),CD46,Uncertain significance,"criteria provided, multiple submitters, no conflicts",,,c.304A>G,,rs1655700581,
1401717,NM_172351.3(CD46):c.1087T>C (p.Tyr363His),CD46,Uncertain significance,"criteria provided, single submitter",,,c.1087T>C,,rs2102711892,
1409891,NC_000001.10:g.(?_206941981)_(208391267_?)dup,C1orf116,Uncertain significance,"criteria provided, single submitter",,,NC_000001.10:g.(?_206941981)_(208391267_?)dup,,,
1413421,NM_172351.3(CD46):c.653G>A (p.Arg218His),CD46,Uncertain significance,"criteria provided, multiple submitters, no conflicts",,,c.653G>A,,rs770322216,
1415199,NM_172351.3(CD46):c.17G>T (p.Arg6Leu),LOC129932405,Uncertain significance,"criteria provided, single submitter",,,c.17G>T,,rs749796669,
1417252,NM_172351.3(CD46):c.491C>A (p.Pro164Gln),CD46,Uncertain significance,"criteria provided, single submitter",,,c.491C>A,,rs746757476,
4526548,NM_172351.3(CD46):c.698T>G (p.Val233Gly),CD46,Uncertain significance,"criteria provided, single submitter",,,c.698T>G,,,
1349170,NM_172351.3(CD46):c.892A>T (p.Ser298Cys),CD46,Uncertain significance,"criteria provided, single submitter",,,c.892A>T,,rs747887096,
1349640,NM_172351.3(CD46):c.652C>T (p.Arg218Cys),CD46,Uncertain significance,"criteria provided, single submitter",,,c.652C>T,,rs746350474,
1351454,NM_172351.3(CD46):c.65C>A (p.Ala22Glu),CD46,Uncertain significance,"criteria provided, single submitter",,,c.65C>A,,rs2102512211,
1353648,NM_172351.3(CD46):c.920A>G (p.Lys307Arg),CD46,Uncertain significance,"criteria provided, single submitter",,,c.920A>G,,rs138456489,
1356334,NM_172351.3(CD46):c.191G>A (p.Cys64Tyr),CD46,Uncertain significance,"criteria provided, multiple submitters, no conflicts",,,c.191G>A,,rs1655633353,
1358882,NM_172351.3(CD46):c.700G>A (p.Glu234Lys),CD46,Uncertain significance,"criteria provided, multiple submitters, no conflicts",,,c.700G>A,,rs576595023,
4772154,NM_172351.3(CD46):c.97+4G>A,CD46,Uncertain significance,"criteria provided, single submitter",,,NM_172351.3(CD46):c.97+4G>A,,,
4770864,NM_172351.3(CD46):c.891C>T (p.Ser297=),CD46,Uncertain significance,"criteria provided, single submitter",,,c.891C>T,,,
4769532,NM_172351.3(CD46):c.1056A>T (p.Arg352Ser),CD46,Uncertain significance,"criteria provided, single submitter",,,c.1056A>T,,,
4769139,NM_172351.3(CD46):c.629GTG[1] (p.Gly211del),CD46,Uncertain significance,"criteria provided, single submitter",,,c.629GTG[1],,,
4768736,NM_172351.3(CD46):c.140T>C (p.Ile47Thr),CD46,Uncertain significance,"criteria provided, single submitter",,,c.140T>C,,,
4766667,NM_172351.3(CD46):c.89C>T (p.Ser30Phe),CD46,Uncertain significance,"criteria provided, single submitter",,,c.89C>T,,,
4762438,NM_172351.3(CD46):c.787G>A (p.Asp263Asn),CD46,Uncertain significance,"criteria provided, single submitter",,,c.787G>A,,,
4750021,NM_172351.3(CD46):c.1076A>G (p.Lys359Arg),CD46,Uncertain significance,"criteria provided, single submitter",,,c.1076A>G,,,
4741673,NM_172351.3(CD46):c.430A>C (p.Lys144Gln),CD46,Uncertain significance,"criteria provided, single submitter",,,c.430A>C,,,
4735155,NM_172351.3(CD46):c.500_501inv (p.Lys167Ile),CD46,Uncertain significance,"criteria provided, single submitter",,,c.500_501inv,,,
4730937,NM_172350.3(CD46):c.973+516_973+518del,CD46,Uncertain significance,"criteria provided, single submitter",,,NM_172350.3(CD46):c.973+516_973+518del,,,
1185016,NM_172351.3(CD46):c.72G>A (p.Met24Ile),CD46,Uncertain significance,"criteria provided, multiple submitters, no conflicts",,,c.72G>A,,rs765047596,
1222340,NC_000001.11:g.207752016C>G,CD46,Benign,"criteria provided, multiple submitters, no conflicts",,,NC_000001.11:g.207752016C>G,,rs41266397,
1227398,NM_172351.3(CD46):c.983-322G>C,CD46,Benign,"criteria provided, single submitter",,,NM_172351.3(CD46):c.983-322G>C,,rs11806810,
1229014,NM_172351.3(CD46):c.475+250dup,CD46,Benign,"criteria provided, single submitter",,,NM_172351.3(CD46):c.475+250dup,,rs11370836,
1234808,NM_172351.3(CD46):c.1082+43T>C,CD46,Benign,"criteria provided, multiple submitters, no conflicts",,,NM_172351.3(CD46):c.1082+43T>C,,rs11118580,
1243360,NM_172351.3(CD46):c.389+188T>G,CD46,Benign,"criteria provided, single submitter",,,NM_172351.3(CD46):c.389+188T>G,,rs2466573,
1242506,NM_172351.3(CD46):c.944-78G>A,CD46,Benign,"criteria provided, multiple submitters, no conflicts",,,NM_172351.3(CD46):c.944-78G>A,,rs1962149,
1245951,NM_172351.3(CD46):c.98-192T>A,CD46,Benign,"criteria provided, single submitter",,,NM_172351.3(CD46):c.98-192T>A,,rs12067460,
1247101,NC_000001.11:g.207751847G>A,CD46,Benign,"criteria provided, single submitter",,,NC_000001.11:g.207751847G>A,,rs2796268,
1271165,NM_172351.3(CD46):c.476-41A>T,CD46,Benign,"criteria provided, multiple submitters, no conflicts",,,NM_172351.3(CD46):c.476-41A>T,,rs41258244,
1257176,NM_172351.3(CD46):c.98-156G>A,CD46,Benign,"criteria provided, single submitter",,,NM_172351.3(CD46):c.98-156G>A,,rs2724384,
1265414,NM_172351.3(CD46):c.1082+115_1082+116dup,CD46,Benign,"criteria provided, single submitter",,,NM_172351.3(CD46):c.1082+115_1082+116dup,,rs373519619,
1267889,NM_172351.3(CD46):c.1082+114_1082+116dup,CD46,Benign,"criteria provided, single submitter",,,NM_172351.3(CD46):c.1082+114_1082+116dup,,rs373519619,
1278755,NM_172351.3(CD46):c.475+284G>A,CD46,Benign,"criteria provided, multiple submitters, no conflicts",,,NM_172351.3(CD46):c.475+284G>A,,rs41317081,
1277332,NM_172351.3(CD46):c.901+23G>T,CD46,Benign,"criteria provided, multiple submitters, no conflicts",,,NM_172351.3(CD46):c.901+23G>T,,rs2724374,
1280415,NC_000001.11:g.207751561G>A,CD46,Benign,"criteria provided, single submitter",,,NC_000001.11:g.207751561G>A,,rs2796267,
2173423,NM_172351.3(CD46):c.476-4del,CD46,Benign,"criteria provided, single submitter",,,NM_172351.3(CD46):c.476-4del,,rs763918298,
2011137,NM_172351.3(CD46):c.857-182dup,CD46,Benign,"criteria provided, single submitter",,,NM_172351.3(CD46):c.857-182dup,,rs2526538768,
1646385,NM_172351.3(CD46):c.857-190C>T,CD46,Benign,"criteria provided, single submitter",,,NM_172351.3(CD46):c.857-190C>T,,rs200897315,
1642599,NM_172351.3(CD46):c.286+26_286+27del,CD46,Benign,"criteria provided, single submitter",,,NM_172351.3(CD46):c.286+26_286+27del,,rs371729129,
1564661,NM_172351.3(CD46):c.856+20T>C,CD46,Benign,"criteria provided, multiple submitters, no conflicts",,,NM_172351.3(CD46):c.856+20T>C,,rs183517108,
1905138,NM_172351.3(CD46):c.475+21dup,CD46,Benign,"criteria provided, single submitter",,,NM_172351.3(CD46):c.475+21dup,,rs751816796,
3640211,NM_172351.3(CD46):c.390-10del,CD46,Benign,"criteria provided, single submitter",,,NM_172351.3(CD46):c.390-10del,,,
3704550,NM_172351.3(CD46):c.630T>C (p.Cys210=),CD46,Benign,"criteria provided, single submitter",,,c.630T>C,,,
1295140,NM_172351.3(CD46):c.673+284dup,CD46,Benign,"criteria provided, single submitter",,,NM_172351.3(CD46):c.673+284dup,,rs5780403,
1289553,NM_172351.3(CD46):c.857-271T>A,CD46,Benign,"criteria provided, multiple submitters, no conflicts",,,NM_172351.3(CD46):c.857-271T>A,,rs11118555,
1289668,NM_172351.3(CD46):c.476-107A>C,CD46,Benign,"criteria provided, multiple submitters, no conflicts",,,NM_172351.3(CD46):c.476-107A>C,,rs2466572,
1290146,NM_172351.3(CD46):c.1082+109T>A,CD46,Benign,"criteria provided, multiple submitters, no conflicts",,,NM_172351.3(CD46):c.1082+109T>A,,rs56114948,
1295118,NM_172351.3(CD46):c.673+283_673+284dup,CD46,Benign,"criteria provided, single submitter",,,NM_172351.3(CD46):c.673+283_673+284dup,,rs5780403,
1280768,NM_172351.3(CD46):c.674-312G>T,CD46,Benign,"criteria provided, single submitter",,,NM_172351.3(CD46):c.674-312G>T,,rs2466571,
1182619,NM_172351.3(CD46):c.1082+106_1082+109del,CD46,Benign,"criteria provided, single submitter",,,NM_172351.3(CD46):c.1082+106_1082+109del,,rs63193962,
4684116,NM_172351.3(CD46):c.1082+632A>G,CD46,Benign,"criteria provided, single submitter",,,NM_172351.3(CD46):c.1082+632A>G,,,
4291229,NM_172351.3(CD46):c.1082+638A>G,CD46,Benign,"criteria provided, single submitter",,,NM_172351.3(CD46):c.1082+638A>G,,,
3044739,NM_172351.3(CD46):c.15C>A (p.Gly5=),CD46,Likely benign,no assertion criteria provided,,,c.15C>A,,rs1654986330,
2786470,NM_172351.3(CD46):c.983-20G>T,CD46,Likely benign,"criteria provided, single submitter",,,NM_172351.3(CD46):c.983-20G>T,,rs1295890002,
2173424,NM_172351.3(CD46):c.476-5T>G,CD46,Likely benign,"criteria provided, single submitter",,,NM_172351.3(CD46):c.476-5T>G,,rs778979738,
2173129,NM_172351.3(CD46):c.348T>G (p.Thr116=),CD46,Likely benign,"criteria provided, single submitter",,,c.348T>G,,rs757676022,
2956517,NM_172351.3(CD46):c.389+13T>G,CD46,Likely benign,"criteria provided, single submitter",,,NM_172351.3(CD46):c.389+13T>G,,rs2526411766,
2881514,NM_172351.3(CD46):c.768C>T (p.Cys256=),CD46,Likely benign,"criteria provided, single submitter",,,c.768C>T,,rs751844358,
2972493,NM_172351.3(CD46):c.902-12T>C,CD46,Likely benign,"criteria provided, single submitter",,,NM_172351.3(CD46):c.902-12T>C,,rs149983756,
2815618,NM_172351.3(CD46):c.552T>C (p.Leu184=),CD46,Likely benign,"criteria provided, single submitter",,,c.552T>C,,rs1656182924,
2991055,NM_172351.3(CD46):c.537A>G (p.Glu179=),CD46,Likely benign,"criteria provided, single submitter",,,c.537A>G,,rs1656180043,
2985953,NM_172351.3(CD46):c.287-17A>G,CD46,Likely benign,"criteria provided, single submitter",,,NM_172351.3(CD46):c.287-17A>G,,rs1429562916,
2974619,NM_172351.3(CD46):c.944-11T>C,CD46,Likely benign,"criteria provided, single submitter",,,NM_172351.3(CD46):c.944-11T>C,,rs751298292,
2975829,NM_172351.3(CD46):c.390-14_390-11del,CD46,Likely benign,"criteria provided, single submitter",,,NM_172351.3(CD46):c.390-14_390-11del,,rs773303466,
2991539,NM_172351.3(CD46):c.162T>C (p.Tyr54=),CD46,Likely benign,"criteria provided, single submitter",,,c.162T>C,,rs1361437349,
2042208,NM_172351.3(CD46):c.857-120A>C,CD46,Likely benign,"criteria provided, single submitter",,,NM_172351.3(CD46):c.857-120A>C,,rs778401499,
2996197,NM_172351.3(CD46):c.944-18T>A,CD46,Likely benign,"criteria provided, single submitter",,,NM_172351.3(CD46):c.944-18T>A,,rs1173761896,
2961750,NM_172351.3(CD46):c.982+17T>C,CD46,Likely benign,"criteria provided, single submitter",,,NM_172351.3(CD46):c.982+17T>C,,rs772575669,
2019070,NM_172351.3(CD46):c.216T>G (p.Pro72=),CD46,Likely benign,"criteria provided, single submitter",,,c.216T>G,,rs1327231777,
1973275,NM_172351.3(CD46):c.97+8C>T,CD46,Likely benign,"criteria provided, single submitter",,,NM_172351.3(CD46):c.97+8C>T,,rs1374234242,
2008133,NM_172351.3(CD46):c.286+11_286+14del,CD46,Likely benign,"criteria provided, single submitter",,,NM_172351.3(CD46):c.286+11_286+14del,,rs2526403754,
2035593,NM_172351.3(CD46):c.857-153A>G,CD46,Likely benign,"criteria provided, single submitter",,,NM_172351.3(CD46):c.857-153A>G,,rs2526539221,
2102132,NM_172351.3(CD46):c.1019-13T>C,CD46,Likely benign,"criteria provided, single submitter",,,NM_172351.3(CD46):c.1019-13T>C,,rs2526749128,
2997950,NM_172351.3(CD46):c.856+18T>C,CD46,Likely benign,"criteria provided, single submitter",,,NM_172351.3(CD46):c.856+18T>C,,rs769658537,
3001766,NM_172351.3(CD46):c.390-19C>T,CD46,Likely benign,"criteria provided, single submitter",,,NM_172351.3(CD46):c.390-19C>T,,rs778547874,
4748131,NM_172351.3(CD46):c.97+7C>G,CD46,Likely benign,"criteria provided, single submitter",,,NM_172351.3(CD46):c.97+7C>G,,,
2771457,NM_172351.3(CD46):c.674-15T>C,CD46,Likely benign,"criteria provided, single submitter",,,NM_172351.3(CD46):c.674-15T>C,,rs2526527520,
2754293,NM_172351.3(CD46):c.351C>T (p.Tyr117=),CD46,Likely benign,"criteria provided, single submitter",,,c.351C>T,,rs999821608,
2754080,NM_172351.3(CD46):c.97+7C>A,CD46,Likely benign,"criteria provided, single submitter",,,NM_172351.3(CD46):c.97+7C>A,,rs779446381,
4776419,NM_172351.3(CD46):c.567T>C (p.Tyr189=),CD46,Likely benign,"criteria provided, single submitter",,,c.567T>C,,,
2702140,NM_172351.3(CD46):c.944-4C>G,CD46,Likely benign,"criteria provided, single submitter",,,NM_172351.3(CD46):c.944-4C>G,,rs2526719817,
2720303,NM_172351.3(CD46):c.857-119G>A,CD46,Likely benign,"criteria provided, single submitter",,,NM_172351.3(CD46):c.857-119G>A,,rs765601069,
4770715,NM_172351.3(CD46):c.939T>C (p.Tyr313=),CD46,Likely benign,"criteria provided, single submitter",,,c.939T>C,,,
2753232,NM_172351.3(CD46):c.411A>G (p.Glu137=),CD46,Likely benign,"criteria provided, single submitter",,,c.411A>G,,rs2526436751,
1633888,NM_172351.3(CD46):c.375T>C (p.Phe125=),CD46,Likely benign,"criteria provided, single submitter",,,c.375T>C,,rs554142324,
1608399,NM_172351.3(CD46):c.390-6A>G,CD46,Likely benign,"criteria provided, single submitter",,,NM_172351.3(CD46):c.390-6A>G,,rs2102552392,
1617725,NM_172351.3(CD46):c.30C>G (p.Pro10=),CD46,Likely benign,"criteria provided, single submitter",,,c.30C>G,,rs774828839,
1896507,NM_172351.3(CD46):c.857-108A>C,CD46,Likely benign,"criteria provided, single submitter",,,NM_172351.3(CD46):c.857-108A>C,,rs200320376,
1655263,NM_172351.3(CD46):c.857-192A>T,CD46,Likely benign,"criteria provided, single submitter",,,NM_172351.3(CD46):c.857-192A>T,,rs201588826,
1984200,NM_172351.3(CD46):c.1083-9T>C,CD46,Likely benign,"criteria provided, single submitter",,,NM_172351.3(CD46):c.1083-9T>C,,rs771931491,
3606553,NM_172351.3(CD46):c.795C>T (p.Ser265=),CD46,Likely benign,"criteria provided, single submitter",,,c.795C>T,,,
2035343,NM_172351.3(CD46):c.330A>G (p.Ala110=),CD46,Likely benign,"criteria provided, single submitter",,,c.330A>G,,rs1174577031,
1951790,NM_172351.3(CD46):c.982+13A>G,CD46,Likely benign,"criteria provided, single submitter",,,NM_172351.3(CD46):c.982+13A>G,,rs1571678910,
1958852,NM_172351.3(CD46):c.1110A>G (p.Arg370=),CD46,Likely benign,"criteria provided, multiple submitters, no conflicts",,,c.1110A>G,,rs768194398,
1960982,NM_172351.3(CD46):c.857-189A>G,CD46,Likely benign,"criteria provided, single submitter",,,NM_172351.3(CD46):c.857-189A>G,,rs749104013,
3646617,NM_172351.3(CD46):c.475+11dup,CD46,Likely benign,"criteria provided, single submitter",,,NM_172351.3(CD46):c.475+11dup,,,
3624900,NM_172351.3(CD46):c.475+7A>G,CD46,Likely benign,"criteria provided, single submitter",,,NM_172351.3(CD46):c.475+7A>G,,,
3643150,NM_172351.3(CD46):c.93C>T (p.Phe31=),CD46,Likely benign,"criteria provided, single submitter",,,c.93C>T,,,
1936473,NM_172351.3(CD46):c.857-116T>A,CD46,Likely benign,"criteria provided, single submitter",,,NM_172351.3(CD46):c.857-116T>A,,rs369069730,
3488103,NM_172351.3(CD46):c.857-131T>C,CD46,Likely benign,"criteria provided, single submitter",,,NM_172351.3(CD46):c.857-131T>C,,,
3670451,NM_172351.3(CD46):c.1082+11G>A,CD46,Likely benign,"criteria provided, single submitter",,,NM_172351.3(CD46):c.1082+11G>A,,,
3670497,NM_172351.3(CD46):c.287-15A>G,CD46,Likely benign,"criteria provided, single submitter",,,NM_172351.3(CD46):c.287-15A>G,,,
3679906,NM_172351.3(CD46):c.901+15T>G,CD46,Likely benign,"criteria provided, single submitter",,,NM_172351.3(CD46):c.901+15T>G,,,
3676303,NM_172351.3(CD46):c.963A>G (p.Glu321=),CD46,Likely benign,"criteria provided, single submitter",,,c.963A>G,,,
3680072,NM_172351.3(CD46):c.983-16C>T,CD46,Likely benign,"criteria provided, single submitter",,,NM_172351.3(CD46):c.983-16C>T,,,
3681064,NM_172351.3(CD46):c.476-4T>G,CD46,Likely benign,"criteria provided, single submitter",,,NM_172351.3(CD46):c.476-4T>G,,,
3688515,NM_172351.3(CD46):c.944-8T>C,CD46,Likely benign,"criteria provided, single submitter",,,NM_172351.3(CD46):c.944-8T>C,,,
3720291,NM_172351.3(CD46):c.390-10T>A,CD46,Likely benign,"criteria provided, single submitter",,,NM_172351.3(CD46):c.390-10T>A,,,
3721386,NM_172351.3(CD46):c.408A>G (p.Glu136=),CD46,Likely benign,"criteria provided, single submitter",,,c.408A>G,,,
3829580,NM_172351.3(CD46):c.531A>T (p.Glu177Asp),CD46,Likely benign,"criteria provided, single submitter",,,c.531A>T,,,
4222937,NM_172351.3(CD46):c.1009A>G (p.Ile337Val),CD46,Likely benign,"criteria provided, single submitter",,,c.1009A>G,,,
1898905,NM_172351.3(CD46):c.943+15T>G,CD46,Likely benign,"criteria provided, multiple submitters, no conflicts",,,NM_172351.3(CD46):c.943+15T>G,,rs202039317,
3652246,NM_172351.3(CD46):c.201A>G (p.Gly67=),CD46,Likely benign,"criteria provided, single submitter",,,c.201A>G,,,
3662952,NM_172351.3(CD46):c.98-10T>G,CD46,Likely benign,"criteria provided, single submitter",,,NM_172351.3(CD46):c.98-10T>G,,,
3663282,NM_172351.3(CD46):c.1082+11G>T,CD46,Likely benign,"criteria provided, single submitter",,,NM_172351.3(CD46):c.1082+11G>T,,,
1944691,NM_172351.3(CD46):c.97+10C>T,CD46,Likely benign,"criteria provided, single submitter",,,NM_172351.3(CD46):c.97+10C>T,,rs2526339102,
1642541,NM_172351.3(CD46):c.857-109T>C,CD46,Likely benign,"criteria provided, single submitter",,,NM_172351.3(CD46):c.857-109T>C,,rs764406994,
1628397,NM_172351.3(CD46):c.857-117T>C,CD46,Likely benign,"criteria provided, single submitter",,,NM_172351.3(CD46):c.857-117T>C,,rs1030158091,
1591931,NM_172351.3(CD46):c.475+12_475+14del,CD46,Likely benign,"criteria provided, single submitter",,,NM_172351.3(CD46):c.475+12_475+14del,,rs769892102,
1612071,NM_172351.3(CD46):c.943+15T>C,CD46,Likely benign,"criteria provided, single submitter",,,NM_172351.3(CD46):c.943+15T>C,,rs202039317,
1591086,NM_172351.3(CD46):c.261A>G (p.Leu87=),CD46,Likely benign,"criteria provided, multiple submitters, no conflicts",,,c.261A>G,,rs115385712,
1653494,NM_172351.3(CD46):c.1062T>C (p.Leu354=),CD46,Likely benign,"criteria provided, single submitter",,,c.1062T>C,,rs2102689937,
1932015,NM_172351.3(CD46):c.982+9A>G,CD46,Likely benign,"criteria provided, single submitter",,,NM_172351.3(CD46):c.982+9A>G,,rs748624930,
1923101,NM_172351.3(CD46):c.673+12A>G,CD46,Likely benign,"criteria provided, single submitter",,,NM_172351.3(CD46):c.673+12A>G,,rs1016871134,
1656234,NM_172351.3(CD46):c.857-102_857-87del,CD46,Likely benign,"criteria provided, single submitter",,,NM_172351.3(CD46):c.857-102_857-87del,,rs757892917,
1658278,NM_172351.3(CD46):c.856+12A>G,CD46,Likely benign,"criteria provided, single submitter",,,NM_172351.3(CD46):c.856+12A>G,,rs745757525,
1661239,NM_172351.3(CD46):c.675G>T (p.Val225=),CD46,Likely benign,"criteria provided, single submitter",,,c.675G>T,,rs1290169398,
1664104,NM_172351.3(CD46):c.1083-11C>T,CD46,Likely benign,"criteria provided, single submitter",,,NM_172351.3(CD46):c.1083-11C>T,,rs189890622,
1665242,NM_172351.3(CD46):c.97+7C>T,CD46,Likely benign,"criteria provided, single submitter",,,NM_172351.3(CD46):c.97+7C>T,,rs779446381,
1542449,NM_172351.3(CD46):c.834C>G (p.Pro278=),CD46,Likely benign,"criteria provided, single submitter",,,c.834C>G,,rs201331374,
1652536,NM_172351.3(CD46):c.857-110T>G,CD46,Likely benign,"criteria provided, single submitter",,,NM_172351.3(CD46):c.857-110T>G,,rs1016879932,
1650720,NM_172351.3(CD46):c.255A>G (p.Thr85=),CD46,Likely benign,"criteria provided, single submitter",,,c.255A>G,,rs201520567,
1574093,NM_172351.3(CD46):c.786C>T (p.Leu262=),CD46,Likely benign,"criteria provided, multiple submitters, no conflicts",,,c.786C>T,,rs374762173,
1586940,NM_172351.3(CD46):c.888G>A (p.Ala296=),CD46,Likely benign,"criteria provided, single submitter",,,c.888G>A,,rs141930331,
1459428,NM_172351.3(CD46):c.12C>T (p.Pro4=),CD46,Likely benign,"criteria provided, single submitter",,,c.12C>T,,rs756580433,
4291223,NM_172351.3(CD46):c.475+33A>G,CD46,Likely benign,"criteria provided, single submitter",,,NM_172351.3(CD46):c.475+33A>G,,,
4291215,NM_172351.3(CD46):c.1014C>T (p.Ala338=),CD46,Likely benign,"criteria provided, single submitter",,,c.1014C>T,,,
4291214,NM_172351.3(CD46):c.69C>T (p.Ala23=),CD46,Likely benign,"criteria provided, single submitter",,,c.69C>T,,,
4291213,NM_172351.3(CD46):c.36T>C (p.Pro12=),CD46,Likely benign,"criteria provided, single submitter",,,c.36T>C,,,
2081778,NM_172351.3(CD46):c.1083-6G>A,CD46,Likely benign,"criteria provided, single submitter",,,NM_172351.3(CD46):c.1083-6G>A,,rs1659674408,
2031472,NM_172351.3(CD46):c.857-184T>G,CD46,Likely benign,"criteria provided, single submitter",,,NM_172351.3(CD46):c.857-184T>G,,rs2526538798,
2011496,NM_172351.3(CD46):c.726T>C (p.Phe242=),CD46,Likely benign,"criteria provided, single submitter",,,c.726T>C,,rs1275007278,
2758260,NM_172351.3(CD46):c.475+19_475+21del,CD46,Likely benign,"criteria provided, single submitter",,,NM_172351.3(CD46):c.475+19_475+21del,,rs751816796,
2761064,NM_172351.3(CD46):c.857-190C>G,CD46,Likely benign,"criteria provided, single submitter",,,NM_172351.3(CD46):c.857-190C>G,,rs200897315,
2780228,NM_172351.3(CD46):c.857-111C>T,CD46,Likely benign,"criteria provided, single submitter",,,NM_172351.3(CD46):c.857-111C>T,,rs1404586633,
2777328,NM_172351.3(CD46):c.902-16A>G,CD46,Likely benign,"criteria provided, single submitter",,,NM_172351.3(CD46):c.902-16A>G,,rs2526572267,
2749830,NM_172351.3(CD46):c.943+7T>C,CD46,Likely benign,"criteria provided, single submitter",,,NM_172351.3(CD46):c.943+7T>C,,rs2526573438,
4739213,NM_172351.3(CD46):c.393T>C (p.Tyr131=),CD46,Likely benign,"criteria provided, single submitter",,,c.393T>C,,,
4724757,NM_172351.3(CD46):c.673+9T>G,CD46,Likely benign,"criteria provided, single submitter",,,NM_172351.3(CD46):c.673+9T>G,,,
4810416,NM_172351.3(CD46):c.287-7C>T,CD46,Likely benign,"criteria provided, single submitter",,,NM_172351.3(CD46):c.287-7C>T,,,
1459542,NM_172351.3(CD46):c.699C>T (p.Val233=),CD46,Likely benign,"criteria provided, single submitter",,,c.699C>T,,rs556795257,
4701918,NM_172351.3(CD46):c.943+19C>T,CD46,Likely benign,"criteria provided, single submitter",,,NM_172351.3(CD46):c.943+19C>T,,,
1647199,NM_172351.3(CD46):c.130A>C (p.Met44Leu),CD46,Conflicting classifications of pathogenicity,"criteria provided, conflicting classifications",,,c.130A>C,,rs564910868,
4291181,NM_172351.3(CD46):c.762del (p.Phe254fs),CD46,"Pathogenic, low penetrance","criteria provided, single submitter",,,c.762del,,,
1917135,NM_172351.3(CD46):c.944-1G>C,CD46,Conflicting classifications of pathogenicity,"criteria provided, conflicting classifications",,,NM_172351.3(CD46):c.944-1G>C,,rs140298514,
1926476,NM_172351.3(CD46):c.856+20dup,CD46,Benign/Likely benign,"criteria provided, multiple submitters, no conflicts",,,NM_172351.3(CD46):c.856+20dup,,rs1458342448,
4291158,NM_172351.3(CD46):c.509dup (p.Asn170fs),CD46,"Likely pathogenic, low penetrance","criteria provided, single submitter",,,c.509dup,,,
2463275,NM_172351.3(CD46):c.235A>G (p.Ile79Val),CD46,Conflicting classifications of pathogenicity,"criteria provided, conflicting classifications",,,c.235A>G,,rs2526402294,
2421423,NM_172351.3(CD46):c.1108A>G (p.Arg370Gly),CD46,Conflicting classifications of pathogenicity,"criteria provided, conflicting classifications",,,c.1108A>G,,rs757404475,
1185017,NM_172351.3(CD46):c.198A>T (p.Lys66Asn),CD46,Conflicting classifications of pathogenicity,"criteria provided, conflicting classifications",,,c.198A>T,,rs150429980,
2956754,NM_172351.3(CD46):c.715A>G (p.Ile239Val),CD46,Conflicting classifications of pathogenicity,"criteria provided, conflicting classifications",,,c.715A>G,,rs557590325,
3063973,NM_172351.3(CD46):c.725T>G (p.Phe242Cys),CD46,Conflicting classifications of pathogenicity,"criteria provided, conflicting classifications",,,c.725T>G,,rs2526528732,
1802785,NM_172351.3(CD46):c.602C>T (p.Ser201Leu),CD46,Conflicting classifications of pathogenicity,"criteria provided, conflicting classifications",,,c.602C>T,,rs2526459784,
4291166,NM_172351.3(CD46):c.509del (p.Asn170fs),CD46,"Pathogenic, low penetrance","criteria provided, single submitter",,,c.509del,,,
1601347,NM_172351.3(CD46):c.286+27del,CD46,Benign/Likely benign,"criteria provided, multiple submitters, no conflicts",,,NM_172351.3(CD46):c.286+27del,,rs371729129,
1677082,NM_172351.3(CD46):c.1082+2T>G,CD46,Conflicting classifications of pathogenicity,"criteria provided, conflicting classifications",,,NM_172351.3(CD46):c.1082+2T>G,,rs1184770295,
4291216,NM_172351.3(CD46):c.938_939del (p.Tyr313fs),CD46,"Pathogenic, low penetrance","criteria provided, single submitter",,,c.938_939del,,,
4291249,NM_172351.3(CD46):c.192_193delinsC (p.Gly67fs),CD46,"Pathogenic, low penetrance","criteria provided, single submitter",,,c.192_193delinsC,,,
4291267,NM_172351.3(CD46):c.350del (p.Tyr117fs),CD46,"Pathogenic, low penetrance","criteria provided, single submitter",,,c.350del,,,
4291208,NM_172351.3(CD46):c.475+1G>A,CD46,"Likely pathogenic, low penetrance","criteria provided, single submitter",,,NM_172351.3(CD46):c.475+1G>A,,,
4291255,NM_172351.3(CD46):c.295T>C (p.Cys99Arg),CD46,"Likely pathogenic, low penetrance","criteria provided, single submitter",,,c.295T>C,,,
4291197,NM_172351.3(CD46):c.800_821del (p.Thr267fs),CD46,"Pathogenic, low penetrance","criteria provided, single submitter",,,c.800_821del,,,
4291207,NM_172351.3(CD46):c.390-1G>C,CD46,"Pathogenic, low penetrance","criteria provided, single submitter",,,NM_172351.3(CD46):c.390-1G>C,,,
4291206,NM_172351.3(CD46):c.390-2A>G,CD46,"Pathogenic, low penetrance","criteria provided, single submitter",,,NM_172351.3(CD46):c.390-2A>G,,,
4291205,NM_172351.3(CD46):c.286+2T>C,CD46,"Pathogenic, low penetrance","criteria provided, single submitter",,,NM_172351.3(CD46):c.286+2T>C,,,
4291204,NM_172351.3(CD46):c.97+1G>A,CD46,"Pathogenic, low penetrance","criteria provided, single submitter",,,NM_172351.3(CD46):c.97+1G>A,,,
4291202,NM_172351.3(CD46):c.664G>T (p.Glu222Ter),CD46,"Pathogenic, low penetrance","criteria provided, single submitter",,,c.664G>T,,,
4291211,NM_172351.3(CD46):c.902-1G>C,CD46,"Pathogenic, low penetrance","criteria provided, single submitter",,,NM_172351.3(CD46):c.902-1G>C,,,
4291201,NM_172351.3(CD46):c.381T>A (p.Cys127Ter),CD46,"Pathogenic/Pathogenic, low penetrance","criteria provided, multiple submitters, no conflicts",,,c.381T>A,,,
4291199,NM_172351.3(CD46):c.106G>T (p.Glu36Ter),CD46,"Pathogenic, low penetrance","criteria provided, single submitter",,,c.106G>T,,,
4355459,NM_172351.3(CD46):c.944-1G>A,CD46,,,,,NM_172351.3(CD46):c.944-1G>A,,,
4355451,NM_172351.3(CD46):c.943+2T>C,CD46,,,,,NM_172351.3(CD46):c.943+2T>C,,,
4355449,NM_172351.3(CD46):c.875C>G (p.Thr292Arg),CD46,,,,,c.875C>G,,,
4355447,NM_172351.3(CD46):c.857-3C>T,CD46,,,,,NM_172351.3(CD46):c.857-3C>T,,,
4355419,NM_172351.3(CD46):c.857-3C>A,CD46,,,,,NM_172351.3(CD46):c.857-3C>A,,,
4355387,NM_172351.3(CD46):c.666G>A (p.Glu222=),CD46,,,,,c.666G>A,,,
4355383,NM_172351.3(CD46):c.476-1G>C,CD46,,,,,NM_172351.3(CD46):c.476-1G>C,,,
4355332,NM_172351.3(CD46):c.475+5G>T,CD46,,,,,NM_172351.3(CD46):c.475+5G>T,,,
4355319,NM_172351.3(CD46):c.475+4A>T,CD46,,,,,NM_172351.3(CD46):c.475+4A>T,,,
4355313,NM_172351.3(CD46):c.354G>T (p.Glu118Asp),CD46,,,,,c.354G>T,,,
4355308,NM_172351.3(CD46):c.103T>G (p.Cys35Gly),CD46,,,,,c.103T>G,,,
4355509,NM_172351.3(CD46):c.1019-11G>T,CD46,,,,,NM_172351.3(CD46):c.1019-11G>T,,,
4355518,NM_172351.3(CD46):c.1082+2T>C,CD46,,,,,NM_172351.3(CD46):c.1082+2T>C,,,
4355464,NM_172351.3(CD46):c.982+1G>A,CD46,,,,,NM_172351.3(CD46):c.982+1G>A,,,
4355482,NM_172351.3(CD46):c.983-15T>G,CD46,,,,,NM_172351.3(CD46):c.983-15T>G,,,
4355477,NM_172351.3(CD46):c.982+35G>A,CD46,,,,,NM_172351.3(CD46):c.982+35G>A,,,
4355536,NM_172351.3(CD46):c.1083-14C>G,CD46,,,,,NM_172351.3(CD46):c.1083-14C>G,,,
4355533,NM_172351.3(CD46):c.1083-73C>G,CD46,,,,,NM_172351.3(CD46):c.1083-73C>G,,,
4355539,NM_172351.3(CD46):c.1133G>C (p.Ter378Ser),CD46,,,,,c.1133G>C,,,
4355483,NM_172351.3(CD46):c.983-2A>C,CD46,,,,,NM_172351.3(CD46):c.983-2A>C,,,
4355491,NM_172351.3(CD46):c.1018+1G>A,CD46,,,,,NM_172351.3(CD46):c.1018+1G>A,,,
4355501,NM_172351.3(CD46):c.1019-67G>T,CD46,,,,,NM_172351.3(CD46):c.1019-67G>T,,,
1343345,NM_172351.3(CD46):c.820_821del (p.Ser274fs),CD46,"Pathogenic/Pathogenic, low penetrance","criteria provided, multiple submitters, no conflicts",,,c.820_821del,,rs1191117776,
1337980,NM_172351.3(CD46):c.1050G>A (p.Pro350=),CD46,Conflicting classifications of pathogenicity,"criteria provided, conflicting classifications",,,c.1050G>A,,rs1210978043,
